{
  "version": 1,
  "author": "Muhammad",
  "editor": "wokwi",
  "parts": [
    {
      "type": "wokwi-breadboard",
      "id": "bb1",
      "top": 200,
      "left": 100,
      "attrs": { "rows": "30", "cols": "60" }
    },
    { "type": "wokwi-esp32-devkit-v1", "id": "esp", "top": 148.7, "left": 907, "attrs": {} },
    { "type": "wokwi-dht22", "id": "dht1", "top": -114.9, "left": 301.8, "attrs": {} },
    { "type": "wokwi-analog-joystick", "id": "gas1", "top": -115.8, "left": 754.2, "attrs": {} },
    {
      "type": "wokwi-lcd1602",
      "id": "lcd1",
      "top": -320,
      "left": 610.4,
      "attrs": { "pins": "i2c" }
    },
    { "type": "wokwi-led", "id": "led1", "top": 500, "left": 150, "attrs": { "color": "green" } },
    { "type": "wokwi-led", "id": "led2", "top": 500, "left": 300, "attrs": { "color": "yellow" } },
    { "type": "wokwi-led", "id": "led3", "top": 500, "left": 450, "attrs": { "color": "red" } },
    { "type": "wokwi-buzzer", "id": "bz1", "top": 472.8, "left": 721.8, "attrs": {} },
    { "type": "wokwi-relay-module", "id": "relay1", "top": 432.2, "left": 864, "attrs": {} },
    {
      "type": "wokwi-resistor",
      "id": "r1",
      "top": 450,
      "left": 160,
      "rotate": 90,
      "attrs": { "value": "220" }
    },
    {
      "type": "wokwi-resistor",
      "id": "r2",
      "top": 450,
      "left": 310,
      "rotate": 90,
      "attrs": { "value": "220" }
    },
    {
      "type": "wokwi-resistor",
      "id": "r3",
      "top": 450,
      "left": 460,
      "rotate": 90,
      "attrs": { "value": "220" }
    }
  ],
  "connections": [
    [ "esp:TX0", "$serialMonitor:RX", "", [] ],
    [ "esp:RX0", "$serialMonitor:TX", "", [] ],
    [ "bb1:tp.1", "esp:3V3", "red", [ "h-19.2", "v-86.4" ] ],
    [ "bb1:tn.1", "esp:GND.1", "black", [ "h-19.2", "v-86.4" ] ],
    [ "bb1:bp.1", "esp:VIN", "red", [ "h-19.2", "v-86.4" ] ],
    [ "bb1:bn.1", "esp:GND.2", "black", [ "h-19.2", "v-86.4" ] ],
    [ "dht1:VCC", "bb1:tp.15", "red", [ "v86.4", "h-86.4" ] ],
    [ "dht1:GND", "bb1:tn.15", "black", [ "v86.4", "h-76.8" ] ],
    [ "dht1:SDA", "esp:D4", "green", [ "v67.2", "h288" ] ],
    [ "gas1:VCC", "bb1:tp.45", "red", [ "v86.4", "h-230.4" ] ],
    [ "gas1:GND", "bb1:tn.45", "black", [ "v86.4", "h-220.8" ] ],
    [ "gas1:VERT", "esp:D34", "blue", [ "v48", "h-115.2" ] ],
    [ "lcd1:VCC", "bb1:bp.25", "red", [ "v124.8", "h-192" ] ],
    [ "lcd1:GND", "bb1:bn.25", "black", [ "v124.8", "h-182.4" ] ],
    [ "lcd1:SDA", "esp:D21", "green", [ "v96", "h28.8" ] ],
    [ "lcd1:SCL", "esp:D22", "blue", [ "v96", "h38.4" ] ],
    [ "r1:1", "esp:D25", "green", [ "v-19.2", "h307.2", "v105.6" ] ],
    [ "r1:2", "led1:A", "green", [ "v0" ] ],
    [ "led1:C", "bb1:tn.10", "black", [ "v-19.2", "h-19.2" ] ],
    [ "r2:1", "esp:D26", "yellow", [ "v-19.2", "h172.8", "v105.6" ] ],
    [ "r2:2", "led2:A", "yellow", [ "v0" ] ],
    [ "led2:C", "bb1:tn.20", "black", [ "v-19.2", "h-76.8" ] ],
    [ "r3:1", "esp:D27", "red", [ "v-19.2", "h38.4", "v105.6" ] ],
    [ "r3:2", "led3:A", "red", [ "v0" ] ],
    [ "led3:C", "bb1:tn.30", "black", [ "v-19.2", "h-134.4" ] ],
    [ "bz1:1", "esp:D32", "orange", [ "v-9.6", "h-76.8", "v-9.6" ] ],
    [ "bz1:2", "bb1:bn.35", "black", [ "v-19.2", "h-211.2" ] ],
    [ "relay1:VCC", "bb1:bp.50", "red", [ "v-19.2", "h-355.2" ] ],
    [ "relay1:GND", "bb1:bn.50", "black", [ "v-19.2", "h-345.6" ] ],
    [ "relay1:IN", "esp:D33", "orange", [ "v-38.4", "h-268.8", "v-9.6" ] ]
  ],
  "dependencies": {}
}